record	instance	pairs	proven_pairs	status
R0	sf010	1	0	ELAB_FAIL
R0	sf010	1	0	ELAB_FAIL
R0	sf010	1	0	ELAB_FAIL
R0	sf010	1	0	ELAB_FAIL
R0	sf010	1	0	ELAB_FAIL
R0	sf010	1	0	ELAB_FAIL
R1	sf035	1	0	ELAB_FAIL
R1	sf035	1	0	ELAB_FAIL
R1	sf035	1	0	ELAB_FAIL
R5	sf_bq003	1	0	ELAB_FAIL
R5	sf_bq003	1	0	ELAB_FAIL
R5	sf_bq003	1	0	ELAB_FAIL
R6	sf_bq004	1	0	ELAB_FAIL
R6	sf_bq004	1	0	ELAB_FAIL
R6	sf_bq004	1	0	ELAB_FAIL
R6	sf_bq004	1	0	ELAB_FAIL
R6	sf_bq004	1	0	ELAB_FAIL
R6	sf_bq004	1	0	ELAB_FAIL
R8	sf_bq006	1	0	ELAB_FAIL
R8	sf_bq006	1	0	ELAB_FAIL
R8	sf_bq006	1	0	ELAB_FAIL
R8	sf_bq006	1	0	ELAB_FAIL
R8	sf_bq006	1	0	ELAB_FAIL
R8	sf_bq006	1	0	ELAB_FAIL
R10	sf_bq010	1	0	ELAB_FAIL
R10	sf_bq010	1	0	ELAB_FAIL
R10	sf_bq010	1	0	ELAB_FAIL
R10	sf_bq010	1	0	ELAB_FAIL
R10	sf_bq010	1	0	ELAB_FAIL
R10	sf_bq010	1	0	ELAB_FAIL
R11	sf_bq011	1	0	ELAB_FAIL
R11	sf_bq011	1	0	ELAB_FAIL
R11	sf_bq011	1	0	ELAB_FAIL
R11	sf_bq011	1	0	ELAB_FAIL
R11	sf_bq011	1	0	ELAB_FAIL
R11	sf_bq011	1	0	ELAB_FAIL
R13	sf_bq015	1	0	ELAB_FAIL
R13	sf_bq015	1	0	ELAB_FAIL
R13	sf_bq015	1	0	ELAB_FAIL
R13	sf_bq015	1	0	ELAB_FAIL
R13	sf_bq015	1	0	ELAB_FAIL
R13	sf_bq015	1	0	ELAB_FAIL
R17	sf_bq020	1	0	ELAB_FAIL
R17	sf_bq020	1	0	ELAB_FAIL
R17	sf_bq020	1	0	ELAB_FAIL
R17	sf_bq020	1	0	ELAB_FAIL
R17	sf_bq020	1	0	ELAB_FAIL
R17	sf_bq020	1	0	ELAB_FAIL
R18	sf_bq021	1	0	ELAB_FAIL
R18	sf_bq021	1	0	ELAB_FAIL
R18	sf_bq021	1	0	ELAB_FAIL
R20	sf_bq023	1	0	ELAB_FAIL
R20	sf_bq023	1	0	ELAB_FAIL
R20	sf_bq023	1	0	ELAB_FAIL
R21	sf_bq027	1	0	ELAB_FAIL
R21	sf_bq027	1	0	ELAB_FAIL
R21	sf_bq027	1	0	ELAB_FAIL
R22	sf_bq029	1	0	ELAB_FAIL
R22	sf_bq029	1	0	ELAB_FAIL
R22	sf_bq029	1	0	ELAB_FAIL
R22	sf_bq029	1	0	ELAB_FAIL
R22	sf_bq029	1	0	ELAB_FAIL
R22	sf_bq029	1	0	ELAB_FAIL
R23	sf_bq030	1	0	TIMEOUT
R23	sf_bq030	1	0	TIMEOUT
R23	sf_bq030	1	0	TIMEOUT
R23	sf_bq030	1	0	TIMEOUT
R23	sf_bq030	1	0	TIMEOUT
R23	sf_bq030	1	0	TIMEOUT
R27	sf_bq035	1	0	ELAB_FAIL
R27	sf_bq035	1	0	ELAB_FAIL
R27	sf_bq035	1	0	ELAB_FAIL
R28	sf_bq036	1	0	ELAB_FAIL
R28	sf_bq036	1	0	ELAB_FAIL
R28	sf_bq036	1	0	ELAB_FAIL
R29	sf_bq039	1	0	ELAB_FAIL
R29	sf_bq039	1	0	ELAB_FAIL
R29	sf_bq039	1	0	ELAB_FAIL
R29	sf_bq039	1	0	ELAB_FAIL
R29	sf_bq039	1	0	ELAB_FAIL
R29	sf_bq039	1	0	ELAB_FAIL
R30	sf_bq040	1	0	ELAB_FAIL
R30	sf_bq040	1	0	ELAB_FAIL
R30	sf_bq040	1	0	ELAB_FAIL
R30	sf_bq040	1	0	ELAB_FAIL
R30	sf_bq040	1	0	ELAB_FAIL
R30	sf_bq040	1	0	ELAB_FAIL
R31	sf_bq041	1	0	ELAB_FAIL
R31	sf_bq041	1	0	ELAB_FAIL
R31	sf_bq041	1	0	ELAB_FAIL
R32	sf_bq042	1	0	ELAB_FAIL
R32	sf_bq042	1	0	ELAB_FAIL
R32	sf_bq042	1	0	ELAB_FAIL
R32	sf_bq042	1	0	ELAB_FAIL
R32	sf_bq042	1	0	ELAB_FAIL
R32	sf_bq042	1	0	ELAB_FAIL
R33	sf_bq044	1	0	ELAB_FAIL
R33	sf_bq044	1	0	TIMEOUT
R33	sf_bq044	1	0	TIMEOUT
R33	sf_bq044	1	0	TIMEOUT
R33	sf_bq044	1	0	TIMEOUT
R33	sf_bq044	1	0	TIMEOUT
R34	sf_bq045	1	0	ELAB_FAIL
R34	sf_bq045	1	0	ELAB_FAIL
R34	sf_bq045	1	0	ELAB_FAIL
R34	sf_bq045	1	0	ELAB_FAIL
R34	sf_bq045	1	0	ELAB_FAIL
R34	sf_bq045	1	0	ELAB_FAIL
R35	sf_bq046	1	0	ELAB_FAIL
R35	sf_bq046	1	0	ELAB_FAIL
R35	sf_bq046	1	0	ELAB_FAIL
R35	sf_bq046	1	0	ELAB_FAIL
R35	sf_bq046	1	0	ELAB_FAIL
R35	sf_bq046	1	0	ELAB_FAIL
R36	sf_bq047	1	0	ELAB_FAIL
R36	sf_bq047	1	0	ELAB_FAIL
R36	sf_bq047	1	0	ELAB_FAIL
R37	sf_bq048	1	0	ELAB_FAIL
R37	sf_bq048	1	0	ELAB_FAIL
R37	sf_bq048	1	0	ELAB_FAIL
R37	sf_bq048	1	0	ELAB_FAIL
R37	sf_bq048	1	0	ELAB_FAIL
R37	sf_bq048	1	0	ELAB_FAIL
R39	sf_bq051	1	0	ELAB_FAIL
R39	sf_bq051	1	0	ELAB_FAIL
R39	sf_bq051	1	0	ELAB_FAIL
R40	sf_bq053	1	0	ELAB_FAIL
R40	sf_bq053	1	0	ELAB_FAIL
R40	sf_bq053	1	0	ELAB_FAIL
R40	sf_bq053	1	0	ELAB_FAIL
R40	sf_bq053	1	0	ELAB_FAIL
R40	sf_bq053	1	0	ELAB_FAIL
R41	sf_bq054	1	0	ELAB_FAIL
R41	sf_bq054	1	0	ELAB_FAIL
R41	sf_bq054	1	0	ELAB_FAIL
R42	sf_bq055	1	0	ELAB_FAIL
R42	sf_bq055	1	0	ELAB_FAIL
R42	sf_bq055	1	0	ELAB_FAIL
R42	sf_bq055	1	0	ELAB_FAIL
R42	sf_bq055	1	0	ELAB_FAIL
R42	sf_bq055	1	0	ELAB_FAIL
R43	sf_bq056	1	0	ELAB_FAIL
R43	sf_bq056	1	0	ELAB_FAIL
R43	sf_bq056	1	0	ELAB_FAIL
R43	sf_bq056	1	0	ELAB_FAIL
R43	sf_bq056	1	0	ELAB_FAIL
R43	sf_bq056	1	0	ELAB_FAIL
R44	sf_bq059	1	0	ELAB_FAIL
R44	sf_bq059	1	0	ELAB_FAIL
R44	sf_bq059	1	0	ELAB_FAIL
R44	sf_bq059	1	0	ELAB_FAIL
R44	sf_bq059	1	0	ELAB_FAIL
R44	sf_bq059	1	0	ELAB_FAIL
R45	sf_bq060	1	0	PROOF_FAIL
R45	sf_bq060	1	0	PROOF_FAIL
R45	sf_bq060	1	0	PROOF_FAIL
R45	sf_bq060	1	0	PROOF_FAIL
R45	sf_bq060	1	0	PROOF_FAIL
R45	sf_bq060	1	1	PROVEN
R46	sf_bq061	1	0	TIMEOUT
R46	sf_bq061	1	0	TIMEOUT
R46	sf_bq061	1	0	TIMEOUT
R46	sf_bq061	1	0	TIMEOUT
R46	sf_bq061	1	0	TIMEOUT
R46	sf_bq061	1	0	TIMEOUT
R48	sf_bq064	1	0	ELAB_FAIL
R48	sf_bq064	1	0	ELAB_FAIL
R48	sf_bq064	1	0	ELAB_FAIL
R48	sf_bq064	1	0	ELAB_FAIL
R48	sf_bq064	1	0	ELAB_FAIL
R48	sf_bq064	1	0	ELAB_FAIL
R49	sf_bq065	1	0	ELAB_FAIL
R49	sf_bq065	1	0	ELAB_FAIL
R49	sf_bq065	1	0	ELAB_FAIL
R49	sf_bq065	1	0	ELAB_FAIL
R49	sf_bq065	1	0	ELAB_FAIL
R49	sf_bq065	1	0	ELAB_FAIL
R50	sf_bq067	1	0	ELAB_FAIL
R50	sf_bq067	1	0	ELAB_FAIL
R50	sf_bq067	1	0	ELAB_FAIL
R50	sf_bq067	1	0	ELAB_FAIL
R50	sf_bq067	1	0	ELAB_FAIL
R50	sf_bq067	1	0	ELAB_FAIL
R52	sf_bq071	1	0	ELAB_FAIL
R52	sf_bq071	1	0	ELAB_FAIL
R52	sf_bq071	1	0	ELAB_FAIL
R53	sf_bq073	1	0	TIMEOUT
R53	sf_bq073	1	0	TIMEOUT
R53	sf_bq073	1	0	TIMEOUT
R54	sf_bq074	1	0	ELAB_FAIL
R54	sf_bq074	1	0	TIMEOUT
R54	sf_bq074	1	0	TIMEOUT
R54	sf_bq074	1	0	TIMEOUT
R54	sf_bq074	1	0	TIMEOUT
R54	sf_bq074	1	0	TIMEOUT
R55	sf_bq075	1	0	ELAB_FAIL
R55	sf_bq075	1	0	ELAB_FAIL
R55	sf_bq075	1	0	ELAB_FAIL
R55	sf_bq075	1	0	ELAB_FAIL
R55	sf_bq075	1	0	ELAB_FAIL
R55	sf_bq075	1	0	ELAB_FAIL
R56	sf_bq076	1	0	ELAB_FAIL
R56	sf_bq076	1	0	ELAB_FAIL
R56	sf_bq076	1	0	ELAB_FAIL
R57	sf_bq078	1	0	ELAB_FAIL
R57	sf_bq078	1	0	ELAB_FAIL
R57	sf_bq078	1	0	ELAB_FAIL
R58	sf_bq079	1	0	ELAB_FAIL
R58	sf_bq079	1	0	ELAB_FAIL
R58	sf_bq079	1	0	ELAB_FAIL
R58	sf_bq079	1	0	ELAB_FAIL
R58	sf_bq079	1	0	ELAB_FAIL
R58	sf_bq079	1	0	ELAB_FAIL
R60	sf_bq084	1	0	ELAB_FAIL
R60	sf_bq084	1	0	ELAB_FAIL
R60	sf_bq084	1	0	ELAB_FAIL
R60	sf_bq084	1	0	ELAB_FAIL
R60	sf_bq084	1	0	ELAB_FAIL
R60	sf_bq084	1	0	ELAB_FAIL
R61	sf_bq085	1	0	ELAB_FAIL
R61	sf_bq085	1	0	ELAB_FAIL
R61	sf_bq085	1	0	ELAB_FAIL
R61	sf_bq085	1	0	ELAB_FAIL
R61	sf_bq085	1	0	ELAB_FAIL
R61	sf_bq085	1	0	ELAB_FAIL
R62	sf_bq086	1	0	TIMEOUT
R62	sf_bq086	1	0	TIMEOUT
R62	sf_bq086	1	0	TIMEOUT
R62	sf_bq086	1	0	TIMEOUT
R62	sf_bq086	1	0	TIMEOUT
R62	sf_bq086	1	0	TIMEOUT
R63	sf_bq087	1	0	ELAB_FAIL
R63	sf_bq087	1	0	ELAB_FAIL
R63	sf_bq087	1	0	ELAB_FAIL
R63	sf_bq087	1	0	PROOF_FAIL
R63	sf_bq087	1	0	PROOF_FAIL
R63	sf_bq087	1	0	PROOF_FAIL
R64	sf_bq088	1	0	PROOF_FAIL
R64	sf_bq088	1	0	PROOF_FAIL
R64	sf_bq088	1	0	PROOF_FAIL
R64	sf_bq088	1	0	TIMEOUT
R64	sf_bq088	1	0	TIMEOUT
R64	sf_bq088	1	0	TIMEOUT
R65	sf_bq090	1	0	ELAB_FAIL
R65	sf_bq090	1	0	ELAB_FAIL
R65	sf_bq090	1	0	ELAB_FAIL
R65	sf_bq090	1	0	ELAB_FAIL
R65	sf_bq090	1	0	ELAB_FAIL
R65	sf_bq090	1	0	ELAB_FAIL
R66	sf_bq092	1	0	ELAB_FAIL
R67	sf_bq094	1	0	ELAB_FAIL
R67	sf_bq094	1	0	ELAB_FAIL
R67	sf_bq094	1	0	ELAB_FAIL
R68	sf_bq095	1	0	ELAB_FAIL
R68	sf_bq095	1	0	ELAB_FAIL
R68	sf_bq095	1	0	ELAB_FAIL
R68	sf_bq095	1	0	ELAB_FAIL
R68	sf_bq095	1	0	ELAB_FAIL
R68	sf_bq095	1	0	ELAB_FAIL
R69	sf_bq096	1	0	ELAB_FAIL
R69	sf_bq096	1	0	ELAB_FAIL
R69	sf_bq096	1	0	ELAB_FAIL
R69	sf_bq096	1	0	ELAB_FAIL
R69	sf_bq096	1	0	ELAB_FAIL
R69	sf_bq096	1	0	ELAB_FAIL
R70	sf_bq098	1	0	ELAB_FAIL
R70	sf_bq098	1	0	ELAB_FAIL
R70	sf_bq098	1	0	ELAB_FAIL
R70	sf_bq098	1	0	ELAB_FAIL
R70	sf_bq098	1	0	ELAB_FAIL
R70	sf_bq098	1	0	ELAB_FAIL
R71	sf_bq100	1	0	ELAB_FAIL
R71	sf_bq100	1	0	ELAB_FAIL
R71	sf_bq100	1	0	ELAB_FAIL
R71	sf_bq100	1	0	ELAB_FAIL
R71	sf_bq100	1	0	ELAB_FAIL
R71	sf_bq100	1	0	ELAB_FAIL
R72	sf_bq101	1	0	ELAB_FAIL
R73	sf_bq103	1	0	ELAB_FAIL
R73	sf_bq103	1	0	ELAB_FAIL
R73	sf_bq103	1	0	ELAB_FAIL
R73	sf_bq103	1	0	ELAB_FAIL
R73	sf_bq103	1	0	ELAB_FAIL
R73	sf_bq103	1	0	ELAB_FAIL
R75	sf_bq107	1	0	ELAB_FAIL
R75	sf_bq107	1	0	ELAB_FAIL
R75	sf_bq107	1	0	ELAB_FAIL
R75	sf_bq107	1	0	ELAB_FAIL
R75	sf_bq107	1	0	ELAB_FAIL
R75	sf_bq107	1	0	ELAB_FAIL
R76	sf_bq108	1	0	ELAB_FAIL
R76	sf_bq108	1	0	ELAB_FAIL
R76	sf_bq108	1	0	ELAB_FAIL
R77	sf_bq112	1	0	ELAB_FAIL
R77	sf_bq112	1	0	ELAB_FAIL
R77	sf_bq112	1	0	ELAB_FAIL
R77	sf_bq112	1	0	ELAB_FAIL
R77	sf_bq112	1	0	ELAB_FAIL
R77	sf_bq112	1	0	ELAB_FAIL
R78	sf_bq113	1	0	ELAB_FAIL
R78	sf_bq113	1	0	ELAB_FAIL
R78	sf_bq113	1	0	ELAB_FAIL
R78	sf_bq113	1	0	TIMEOUT
R78	sf_bq113	1	0	TIMEOUT
R78	sf_bq113	1	0	TIMEOUT
R79	sf_bq114	1	0	ELAB_FAIL
R79	sf_bq114	1	0	ELAB_FAIL
R79	sf_bq114	1	0	ELAB_FAIL
R79	sf_bq114	1	0	ELAB_FAIL
R79	sf_bq114	1	0	ELAB_FAIL
R79	sf_bq114	1	0	ELAB_FAIL
R80	sf_bq115	1	0	ELAB_FAIL
R80	sf_bq115	1	0	ELAB_FAIL
R80	sf_bq115	1	0	ELAB_FAIL
R80	sf_bq115	1	0	ELAB_FAIL
R80	sf_bq115	1	0	ELAB_FAIL
R80	sf_bq115	1	0	ELAB_FAIL
R81	sf_bq117	1	0	ELAB_FAIL
R81	sf_bq117	1	0	ELAB_FAIL
R81	sf_bq117	1	0	ELAB_FAIL
R81	sf_bq117	1	0	ELAB_FAIL
R81	sf_bq117	1	0	ELAB_FAIL
R81	sf_bq117	1	0	ELAB_FAIL
R82	sf_bq118	1	0	ELAB_FAIL
R82	sf_bq118	1	0	ELAB_FAIL
R82	sf_bq118	1	0	ELAB_FAIL
R82	sf_bq118	1	0	ELAB_FAIL
R82	sf_bq118	1	0	ELAB_FAIL
R82	sf_bq118	1	0	ELAB_FAIL
R84	sf_bq120	1	0	ELAB_FAIL
R84	sf_bq120	1	0	ELAB_FAIL
R84	sf_bq120	1	0	ELAB_FAIL
R84	sf_bq120	1	0	ELAB_FAIL
R84	sf_bq120	1	0	ELAB_FAIL
R84	sf_bq120	1	0	ELAB_FAIL
R86	sf_bq124	1	0	ELAB_FAIL
R86	sf_bq124	1	0	ELAB_FAIL
R86	sf_bq124	1	0	ELAB_FAIL
R86	sf_bq124	1	0	ELAB_FAIL
R86	sf_bq124	1	0	ELAB_FAIL
R86	sf_bq124	1	0	ELAB_FAIL
R87	sf_bq126	1	0	ELAB_FAIL
R87	sf_bq126	1	0	ELAB_FAIL
R87	sf_bq126	1	0	ELAB_FAIL
R87	sf_bq126	1	0	PROOF_FAIL
R87	sf_bq126	1	0	PROOF_FAIL
R87	sf_bq126	1	1	PROVEN
R88	sf_bq131	1	0	ELAB_FAIL
R88	sf_bq131	1	0	ELAB_FAIL
R88	sf_bq131	1	0	ELAB_FAIL
R88	sf_bq131	1	0	ELAB_FAIL
R88	sf_bq131	1	0	ELAB_FAIL
R88	sf_bq131	1	0	ELAB_FAIL
R89	sf_bq135	1	0	ELAB_FAIL
R89	sf_bq135	1	0	ELAB_FAIL
R89	sf_bq135	1	0	ELAB_FAIL
R89	sf_bq135	1	0	ELAB_FAIL
R89	sf_bq135	1	0	ELAB_FAIL
R89	sf_bq135	1	0	ELAB_FAIL
R90	sf_bq136	1	0	ELAB_FAIL
R90	sf_bq136	1	0	ELAB_FAIL
R90	sf_bq136	1	0	ELAB_FAIL
R90	sf_bq136	1	0	ELAB_FAIL
R90	sf_bq136	1	0	ELAB_FAIL
R90	sf_bq136	1	0	ELAB_FAIL
R91	sf_bq137	1	0	ELAB_FAIL
R91	sf_bq137	1	0	ELAB_FAIL
R91	sf_bq137	1	0	TIMEOUT
R93	sf_bq144	1	0	ELAB_FAIL
R93	sf_bq144	1	0	ELAB_FAIL
R93	sf_bq144	1	0	ELAB_FAIL
R94	sf_bq148	1	0	ELAB_FAIL
R94	sf_bq148	1	0	ELAB_FAIL
R94	sf_bq148	1	0	ELAB_FAIL
R97	sf_bq156	1	0	ELAB_FAIL
R97	sf_bq156	1	0	ELAB_FAIL
R97	sf_bq156	1	0	ELAB_FAIL
R97	sf_bq156	1	0	ELAB_FAIL
R97	sf_bq156	1	0	ELAB_FAIL
R97	sf_bq156	1	0	ELAB_FAIL
R98	sf_bq157	1	0	ELAB_FAIL
R98	sf_bq157	1	0	ELAB_FAIL
R98	sf_bq157	1	0	ELAB_FAIL
R98	sf_bq157	1	0	ELAB_FAIL
R98	sf_bq157	1	0	ELAB_FAIL
R98	sf_bq157	1	0	ELAB_FAIL
R99	sf_bq160	1	0	ELAB_FAIL
R99	sf_bq160	1	0	ELAB_FAIL
R99	sf_bq160	1	0	ELAB_FAIL
R99	sf_bq160	1	0	ELAB_FAIL
R99	sf_bq160	1	0	ELAB_FAIL
R99	sf_bq160	1	0	ELAB_FAIL
R100	sf_bq161	1	0	ELAB_FAIL
R100	sf_bq161	1	0	ELAB_FAIL
R100	sf_bq161	1	0	ELAB_FAIL
R101	sf_bq162	1	0	ELAB_FAIL
R101	sf_bq162	1	0	ELAB_FAIL
R101	sf_bq162	1	0	ELAB_FAIL
R101	sf_bq162	1	0	ELAB_FAIL
R101	sf_bq162	1	0	ELAB_FAIL
R101	sf_bq162	1	0	ELAB_FAIL
R102	sf_bq169	1	0	ELAB_FAIL
R102	sf_bq169	1	0	ELAB_FAIL
R102	sf_bq169	1	0	ELAB_FAIL
R102	sf_bq169	1	0	ELAB_FAIL
R102	sf_bq169	1	0	ELAB_FAIL
R102	sf_bq169	1	1	PROVEN
R103	sf_bq170	1	0	ELAB_FAIL
R104	sf_bq171	1	0	ELAB_FAIL
R104	sf_bq171	1	0	ELAB_FAIL
R104	sf_bq171	1	0	ELAB_FAIL
R104	sf_bq171	1	0	ELAB_FAIL
R104	sf_bq171	1	0	ELAB_FAIL
R104	sf_bq171	1	0	ELAB_FAIL
R105	sf_bq172	1	0	ELAB_FAIL
R105	sf_bq172	1	0	ELAB_FAIL
R105	sf_bq172	1	0	ELAB_FAIL
R105	sf_bq172	1	0	ELAB_FAIL
R105	sf_bq172	1	0	ELAB_FAIL
R105	sf_bq172	1	0	ELAB_FAIL
R107	sf_bq177	1	0	ELAB_FAIL
R107	sf_bq177	1	0	ELAB_FAIL
R107	sf_bq177	1	0	ELAB_FAIL
R107	sf_bq177	1	0	ELAB_FAIL
R107	sf_bq177	1	0	ELAB_FAIL
R107	sf_bq177	1	0	ELAB_FAIL
R108	sf_bq180	1	0	ELAB_FAIL
R109	sf_bq181	1	0	ELAB_FAIL
R109	sf_bq181	1	0	ELAB_FAIL
R109	sf_bq181	1	0	ELAB_FAIL
R109	sf_bq181	1	0	ELAB_FAIL
R109	sf_bq181	1	0	ELAB_FAIL
R109	sf_bq181	1	0	ELAB_FAIL
R111	sf_bq185	1	0	ELAB_FAIL
R111	sf_bq185	1	0	ELAB_FAIL
R111	sf_bq185	1	0	ELAB_FAIL
R111	sf_bq185	1	0	TIMEOUT
R111	sf_bq185	1	0	TIMEOUT
R111	sf_bq185	1	0	TIMEOUT
R112	sf_bq186	1	0	ELAB_FAIL
R112	sf_bq186	1	0	ELAB_FAIL
R112	sf_bq186	1	0	ELAB_FAIL
R115	sf_bq192	1	0	ELAB_FAIL
R117	sf_bq195	1	0	ELAB_FAIL
R117	sf_bq195	1	0	ELAB_FAIL
R117	sf_bq195	1	0	ELAB_FAIL
R117	sf_bq195	1	0	ELAB_FAIL
R117	sf_bq195	1	0	ELAB_FAIL
R117	sf_bq195	1	0	ELAB_FAIL
R119	sf_bq198	1	0	TIMEOUT
R119	sf_bq198	1	0	TIMEOUT
R119	sf_bq198	1	0	TIMEOUT
R119	sf_bq198	1	0	TIMEOUT
R119	sf_bq198	1	0	TIMEOUT
R119	sf_bq198	1	0	TIMEOUT
R120	sf_bq199	1	0	ELAB_FAIL
R120	sf_bq199	1	0	ELAB_FAIL
R120	sf_bq199	1	0	ELAB_FAIL
R120	sf_bq199	1	0	ELAB_FAIL
R120	sf_bq199	1	0	ELAB_FAIL
R120	sf_bq199	1	0	ELAB_FAIL
R122	sf_bq202	1	0	ELAB_FAIL
R122	sf_bq202	1	0	ELAB_FAIL
R122	sf_bq202	1	0	ELAB_FAIL
R123	sf_bq203	1	0	ELAB_FAIL
R125	sf_bq208	1	0	ELAB_FAIL
R125	sf_bq208	1	0	ELAB_FAIL
R125	sf_bq208	1	0	ELAB_FAIL
R125	sf_bq208	1	0	ELAB_FAIL
R125	sf_bq208	1	0	ELAB_FAIL
R125	sf_bq208	1	0	ELAB_FAIL
R126	sf_bq211	1	0	ELAB_FAIL
R126	sf_bq211	1	0	ELAB_FAIL
R126	sf_bq211	1	0	PROOF_FAIL
R126	sf_bq211	1	0	PROOF_FAIL
R126	sf_bq211	1	0	PROOF_FAIL
R126	sf_bq211	1	0	TIMEOUT
R128	sf_bq214	1	0	ELAB_FAIL
R128	sf_bq214	1	0	ELAB_FAIL
R128	sf_bq214	1	0	ELAB_FAIL
R130	sf_bq217	1	0	ELAB_FAIL
R130	sf_bq217	1	0	ELAB_FAIL
R130	sf_bq217	1	0	ELAB_FAIL
R130	sf_bq217	1	0	ELAB_FAIL
R130	sf_bq217	1	0	ELAB_FAIL
R130	sf_bq217	1	0	ELAB_FAIL
R131	sf_bq218	1	0	ELAB_FAIL
R131	sf_bq218	1	0	ELAB_FAIL
R131	sf_bq218	1	0	ELAB_FAIL
R132	sf_bq220	1	0	ELAB_FAIL
R132	sf_bq220	1	0	ELAB_FAIL
R132	sf_bq220	1	0	ELAB_FAIL
R132	sf_bq220	1	0	ELAB_FAIL
R132	sf_bq220	1	0	ELAB_FAIL
R132	sf_bq220	1	0	ELAB_FAIL
R133	sf_bq225	1	0	ELAB_FAIL
R133	sf_bq225	1	0	ELAB_FAIL
R133	sf_bq225	1	0	ELAB_FAIL
R133	sf_bq225	1	0	TIMEOUT
R133	sf_bq225	1	0	TIMEOUT
R133	sf_bq225	1	0	TIMEOUT
R134	sf_bq226	1	0	ELAB_FAIL
R134	sf_bq226	1	0	ELAB_FAIL
R134	sf_bq226	1	0	ELAB_FAIL
R136	sf_bq229	1	0	ELAB_FAIL
R136	sf_bq229	1	0	ELAB_FAIL
R136	sf_bq229	1	0	ELAB_FAIL
R136	sf_bq229	1	0	ELAB_FAIL
R136	sf_bq229	1	0	ELAB_FAIL
R136	sf_bq229	1	0	ELAB_FAIL
R137	sf_bq230	1	0	ELAB_FAIL
R137	sf_bq230	1	0	ELAB_FAIL
R137	sf_bq230	1	0	ELAB_FAIL
R137	sf_bq230	1	0	ELAB_FAIL
R137	sf_bq230	1	0	ELAB_FAIL
R137	sf_bq230	1	0	ELAB_FAIL
R138	sf_bq232	1	0	PROOF_FAIL
R138	sf_bq232	1	0	PROOF_FAIL
R138	sf_bq232	1	1	PROVEN
R139	sf_bq235	1	0	ELAB_FAIL
R139	sf_bq235	1	0	ELAB_FAIL
R139	sf_bq235	1	0	ELAB_FAIL
R139	sf_bq235	1	0	ELAB_FAIL
R139	sf_bq235	1	0	ELAB_FAIL
R139	sf_bq235	1	0	ELAB_FAIL
R140	sf_bq247	1	0	ELAB_FAIL
R140	sf_bq247	1	0	ELAB_FAIL
R140	sf_bq247	1	0	ELAB_FAIL
R140	sf_bq247	1	0	ELAB_FAIL
R140	sf_bq247	1	0	ELAB_FAIL
R140	sf_bq247	1	0	ELAB_FAIL
R142	sf_bq253	1	0	ELAB_FAIL
R142	sf_bq253	1	0	ELAB_FAIL
R142	sf_bq253	1	0	ELAB_FAIL
R144	sf_bq259	1	0	ELAB_FAIL
R144	sf_bq259	1	0	ELAB_FAIL
R144	sf_bq259	1	0	ELAB_FAIL
R149	sf_bq269	1	0	ELAB_FAIL
R149	sf_bq269	1	0	ELAB_FAIL
R149	sf_bq269	1	0	ELAB_FAIL
R149	sf_bq269	1	0	ELAB_FAIL
R149	sf_bq269	1	0	ELAB_FAIL
R149	sf_bq269	1	0	ELAB_FAIL
R150	sf_bq270	1	0	ELAB_FAIL
R150	sf_bq270	1	0	ELAB_FAIL
R150	sf_bq270	1	0	ELAB_FAIL
R152	sf_bq278	1	0	ELAB_FAIL
R152	sf_bq278	1	0	ELAB_FAIL
R152	sf_bq278	1	0	ELAB_FAIL
R152	sf_bq278	1	0	ELAB_FAIL
R152	sf_bq278	1	0	ELAB_FAIL
R152	sf_bq278	1	0	ELAB_FAIL
R153	sf_bq279	1	0	ELAB_FAIL
R153	sf_bq279	1	0	ELAB_FAIL
R153	sf_bq279	1	0	ELAB_FAIL
R153	sf_bq279	1	0	ELAB_FAIL
R153	sf_bq279	1	0	ELAB_FAIL
R153	sf_bq279	1	0	ELAB_FAIL
R154	sf_bq280	1	0	ELAB_FAIL
R154	sf_bq280	1	0	ELAB_FAIL
R154	sf_bq280	1	0	ELAB_FAIL
R155	sf_bq281	1	0	ELAB_FAIL
R155	sf_bq281	1	0	ELAB_FAIL
R155	sf_bq281	1	0	ELAB_FAIL
R155	sf_bq281	1	0	ELAB_FAIL
R155	sf_bq281	1	0	ELAB_FAIL
R155	sf_bq281	1	0	ELAB_FAIL
R156	sf_bq282	1	0	ELAB_FAIL
R156	sf_bq282	1	0	ELAB_FAIL
R156	sf_bq282	1	0	ELAB_FAIL
R158	sf_bq284	1	0	ELAB_FAIL
R158	sf_bq284	1	0	ELAB_FAIL
R158	sf_bq284	1	0	ELAB_FAIL
R158	sf_bq284	1	0	ELAB_FAIL
R158	sf_bq284	1	0	TIMEOUT
R158	sf_bq284	1	0	TIMEOUT
R159	sf_bq285	1	0	ELAB_FAIL
R159	sf_bq285	1	0	ELAB_FAIL
R159	sf_bq285	1	0	ELAB_FAIL
R160	sf_bq286	1	0	ELAB_FAIL
R160	sf_bq286	1	0	ELAB_FAIL
R160	sf_bq286	1	0	ELAB_FAIL
R160	sf_bq286	1	0	ELAB_FAIL
R160	sf_bq286	1	0	ELAB_FAIL
R160	sf_bq286	1	0	ELAB_FAIL
R161	sf_bq287	1	0	ELAB_FAIL
R161	sf_bq287	1	0	ELAB_FAIL
R161	sf_bq287	1	0	ELAB_FAIL
R161	sf_bq287	1	0	ELAB_FAIL
R161	sf_bq287	1	0	ELAB_FAIL
R161	sf_bq287	1	0	ELAB_FAIL
R162	sf_bq288	1	0	ELAB_FAIL
R162	sf_bq288	1	0	ELAB_FAIL
R162	sf_bq288	1	0	ELAB_FAIL
R163	sf_bq290	1	0	ELAB_FAIL
R163	sf_bq290	1	0	ELAB_FAIL
R163	sf_bq290	1	0	PROOF_FAIL
R164	sf_bq292	1	0	ELAB_FAIL
R164	sf_bq292	1	0	ELAB_FAIL
R164	sf_bq292	1	0	ELAB_FAIL
R164	sf_bq292	1	0	ELAB_FAIL
R164	sf_bq292	1	0	ELAB_FAIL
R164	sf_bq292	1	0	ELAB_FAIL
R165	sf_bq300	1	0	PROOF_FAIL
R165	sf_bq300	1	0	PROOF_FAIL
R165	sf_bq300	1	1	PROVEN
R166	sf_bq301	1	0	ELAB_FAIL
R166	sf_bq301	1	0	ELAB_FAIL
R166	sf_bq301	1	0	ELAB_FAIL
R166	sf_bq301	1	0	ELAB_FAIL
R166	sf_bq301	1	0	ELAB_FAIL
R166	sf_bq301	1	0	ELAB_FAIL
R167	sf_bq302	1	0	ELAB_FAIL
R167	sf_bq302	1	0	ELAB_FAIL
R167	sf_bq302	1	0	ELAB_FAIL
R167	sf_bq302	1	0	ELAB_FAIL
R167	sf_bq302	1	0	ELAB_FAIL
R167	sf_bq302	1	0	ELAB_FAIL
R168	sf_bq303	1	0	TIMEOUT
R168	sf_bq303	1	0	TIMEOUT
R168	sf_bq303	1	1	PROVEN
R172	sf_bq308	1	0	ELAB_FAIL
R172	sf_bq308	1	0	ELAB_FAIL
R172	sf_bq308	1	0	ELAB_FAIL
R173	sf_bq309	1	0	ELAB_FAIL
R173	sf_bq309	1	0	ELAB_FAIL
R173	sf_bq309	1	0	ELAB_FAIL
R173	sf_bq309	1	0	ELAB_FAIL
R173	sf_bq309	1	0	ELAB_FAIL
R173	sf_bq309	1	0	ELAB_FAIL
R174	sf_bq310	1	0	ELAB_FAIL
R174	sf_bq310	1	0	ELAB_FAIL
R174	sf_bq310	1	0	ELAB_FAIL
R174	sf_bq310	1	0	ELAB_FAIL
R174	sf_bq310	1	0	ELAB_FAIL
R174	sf_bq310	1	0	ELAB_FAIL
R175	sf_bq323	1	0	TIMEOUT
R175	sf_bq323	1	0	TIMEOUT
R175	sf_bq323	1	0	TIMEOUT
R175	sf_bq323	1	0	TIMEOUT
R175	sf_bq323	1	0	TIMEOUT
R175	sf_bq323	1	0	TIMEOUT
R176	sf_bq324	1	0	ELAB_FAIL
R176	sf_bq324	1	0	ELAB_FAIL
R176	sf_bq324	1	0	ELAB_FAIL
R176	sf_bq324	1	0	TIMEOUT
R176	sf_bq324	1	0	TIMEOUT
R176	sf_bq324	1	0	TIMEOUT
R178	sf_bq326	1	0	ELAB_FAIL
R178	sf_bq326	1	0	TIMEOUT
R178	sf_bq326	1	0	TIMEOUT
R179	sf_bq327	1	0	PROOF_FAIL
R180	sf_bq328	1	0	ELAB_FAIL
R180	sf_bq328	1	0	ELAB_FAIL
R180	sf_bq328	1	0	ELAB_FAIL
R181	sf_bq330	1	0	ELAB_FAIL
R181	sf_bq330	1	0	ELAB_FAIL
R181	sf_bq330	1	0	ELAB_FAIL
R181	sf_bq330	1	0	ELAB_FAIL
R181	sf_bq330	1	0	ELAB_FAIL
R181	sf_bq330	1	0	ELAB_FAIL
R182	sf_bq331	1	0	ELAB_FAIL
R182	sf_bq331	1	0	ELAB_FAIL
R182	sf_bq331	1	0	ELAB_FAIL
R182	sf_bq331	1	0	ELAB_FAIL
R182	sf_bq331	1	0	ELAB_FAIL
R182	sf_bq331	1	0	ELAB_FAIL
R183	sf_bq333	1	0	ELAB_FAIL
R183	sf_bq333	1	0	ELAB_FAIL
R183	sf_bq333	1	0	ELAB_FAIL
R183	sf_bq333	1	0	ELAB_FAIL
R183	sf_bq333	1	0	ELAB_FAIL
R183	sf_bq333	1	0	TIMEOUT
R184	sf_bq335	1	0	ELAB_FAIL
R184	sf_bq335	1	0	ELAB_FAIL
R184	sf_bq335	1	0	ELAB_FAIL
R184	sf_bq335	1	0	ELAB_FAIL
R184	sf_bq335	1	0	ELAB_FAIL
R184	sf_bq335	1	0	ELAB_FAIL
R185	sf_bq338	1	0	TIMEOUT
R185	sf_bq338	1	0	TIMEOUT
R185	sf_bq338	1	0	TIMEOUT
R185	sf_bq338	1	0	TIMEOUT
R185	sf_bq338	1	0	TIMEOUT
R185	sf_bq338	1	0	TIMEOUT
R190	sf_bq350	1	0	ELAB_FAIL
R190	sf_bq350	1	0	ELAB_FAIL
R190	sf_bq350	1	0	ELAB_FAIL
R190	sf_bq350	1	0	ELAB_FAIL
R190	sf_bq350	1	0	ELAB_FAIL
R190	sf_bq350	1	0	ELAB_FAIL
R191	sf_bq352	1	1	ELAB_FAIL
R191	sf_bq352	1	1	ELAB_FAIL
R191	sf_bq352	1	1	ELAB_FAIL
R191	sf_bq352	1	1	ELAB_FAIL
R191	sf_bq352	1	1	ELAB_FAIL
R191	sf_bq352	1	1	ELAB_FAIL
R192	sf_bq354	1	0	ELAB_FAIL
R193	sf_bq355	1	0	ELAB_FAIL
R193	sf_bq355	1	0	ELAB_FAIL
R193	sf_bq355	1	0	ELAB_FAIL
R193	sf_bq355	1	0	ELAB_FAIL
R193	sf_bq355	1	0	ELAB_FAIL
R193	sf_bq355	1	0	ELAB_FAIL
R194	sf_bq356	1	0	ELAB_FAIL
R194	sf_bq356	1	0	ELAB_FAIL
R194	sf_bq356	1	0	ELAB_FAIL
R194	sf_bq356	1	0	TIMEOUT
R194	sf_bq356	1	1	ELAB_FAIL
R194	sf_bq356	1	1	ELAB_FAIL
R195	sf_bq357	1	0	ELAB_FAIL
R195	sf_bq357	1	0	ELAB_FAIL
R195	sf_bq357	1	0	ELAB_FAIL
R197	sf_bq361	1	0	ELAB_FAIL
R197	sf_bq361	1	0	ELAB_FAIL
R197	sf_bq361	1	0	ELAB_FAIL
R197	sf_bq361	1	0	ELAB_FAIL
R197	sf_bq361	1	0	ELAB_FAIL
R197	sf_bq361	1	0	ELAB_FAIL
R198	sf_bq362	1	0	ELAB_FAIL
R198	sf_bq362	1	0	ELAB_FAIL
R198	sf_bq362	1	0	ELAB_FAIL
R198	sf_bq362	1	0	ELAB_FAIL
R198	sf_bq362	1	0	ELAB_FAIL
R198	sf_bq362	1	0	ELAB_FAIL
R200	sf_bq370	1	0	ELAB_FAIL
R200	sf_bq370	1	0	ELAB_FAIL
R200	sf_bq370	1	0	ELAB_FAIL
R201	sf_bq371	1	0	ELAB_FAIL
R201	sf_bq371	1	0	ELAB_FAIL
R201	sf_bq371	1	0	ELAB_FAIL
R203	sf_bq373	1	0	ELAB_FAIL
R203	sf_bq373	1	0	ELAB_FAIL
R203	sf_bq373	1	0	ELAB_FAIL
R203	sf_bq373	1	0	ELAB_FAIL
R203	sf_bq373	1	0	ELAB_FAIL
R203	sf_bq373	1	0	ELAB_FAIL
R204	sf_bq374	1	0	ELAB_FAIL
R205	sf_bq375	1	0	ELAB_FAIL
R205	sf_bq375	1	0	ELAB_FAIL
R205	sf_bq375	1	0	ELAB_FAIL
R206	sf_bq379	1	0	ELAB_FAIL
R206	sf_bq379	1	0	ELAB_FAIL
R206	sf_bq379	1	0	ELAB_FAIL
R206	sf_bq379	1	0	ELAB_FAIL
R206	sf_bq379	1	0	ELAB_FAIL
R206	sf_bq379	1	0	ELAB_FAIL
R207	sf_bq380	1	0	ELAB_FAIL
R207	sf_bq380	1	0	ELAB_FAIL
R207	sf_bq380	1	0	ELAB_FAIL
R207	sf_bq380	1	0	ELAB_FAIL
R207	sf_bq380	1	0	ELAB_FAIL
R207	sf_bq380	1	0	ELAB_FAIL
R208	sf_bq389	1	0	ELAB_FAIL
R208	sf_bq389	1	0	ELAB_FAIL
R208	sf_bq389	1	0	ELAB_FAIL
R209	sf_bq391	1	0	ELAB_FAIL
R209	sf_bq391	1	0	ELAB_FAIL
R209	sf_bq391	1	0	ELAB_FAIL
R209	sf_bq391	1	0	ELAB_FAIL
R209	sf_bq391	1	0	ELAB_FAIL
R209	sf_bq391	1	0	ELAB_FAIL
R210	sf_bq392	1	0	ELAB_FAIL
R210	sf_bq392	1	0	ELAB_FAIL
R210	sf_bq392	1	0	ELAB_FAIL
R210	sf_bq392	1	0	ELAB_FAIL
R210	sf_bq392	1	0	ELAB_FAIL
R210	sf_bq392	1	0	ELAB_FAIL
R211	sf_bq393	1	0	ELAB_FAIL
R211	sf_bq393	1	0	ELAB_FAIL
R211	sf_bq393	1	0	ELAB_FAIL
R211	sf_bq393	1	0	ELAB_FAIL
R211	sf_bq393	1	0	ELAB_FAIL
R211	sf_bq393	1	0	ELAB_FAIL
R212	sf_bq394	1	0	ELAB_FAIL
R212	sf_bq394	1	0	ELAB_FAIL
R212	sf_bq394	1	0	ELAB_FAIL
R212	sf_bq394	1	0	ELAB_FAIL
R212	sf_bq394	1	0	ELAB_FAIL
R212	sf_bq394	1	0	ELAB_FAIL
R213	sf_bq395	1	0	ELAB_FAIL
R213	sf_bq395	1	0	ELAB_FAIL
R213	sf_bq395	1	0	ELAB_FAIL
R213	sf_bq395	1	0	ELAB_FAIL
R213	sf_bq395	1	0	ELAB_FAIL
R213	sf_bq395	1	0	ELAB_FAIL
R214	sf_bq396	1	0	ELAB_FAIL
R214	sf_bq396	1	0	ELAB_FAIL
R214	sf_bq396	1	0	ELAB_FAIL
R214	sf_bq396	1	0	PROOF_FAIL
R214	sf_bq396	1	0	PROOF_FAIL
R214	sf_bq396	1	0	PROOF_FAIL
R216	sf_bq398	1	0	ELAB_FAIL
R216	sf_bq398	1	0	ELAB_FAIL
R216	sf_bq398	1	0	ELAB_FAIL
R218	sf_bq400	1	0	ELAB_FAIL
R218	sf_bq400	1	0	ELAB_FAIL
R218	sf_bq400	1	0	ELAB_FAIL
R218	sf_bq400	1	0	ELAB_FAIL
R218	sf_bq400	1	0	ELAB_FAIL
R218	sf_bq400	1	0	ELAB_FAIL
R219	sf_bq402	1	0	ELAB_FAIL
R219	sf_bq402	1	0	ELAB_FAIL
R219	sf_bq402	1	0	ELAB_FAIL
R219	sf_bq402	1	0	ELAB_FAIL
R219	sf_bq402	1	0	ELAB_FAIL
R219	sf_bq402	1	0	ELAB_FAIL
R220	sf_bq403	1	0	ELAB_FAIL
R220	sf_bq403	1	0	ELAB_FAIL
R220	sf_bq403	1	0	ELAB_FAIL
R220	sf_bq403	1	0	ELAB_FAIL
R220	sf_bq403	1	0	ELAB_FAIL
R220	sf_bq403	1	0	ELAB_FAIL
R221	sf_bq406	1	0	ELAB_FAIL
R222	sf_bq407	1	0	ELAB_FAIL
R222	sf_bq407	1	0	ELAB_FAIL
R222	sf_bq407	1	0	ELAB_FAIL
R222	sf_bq407	1	0	ELAB_FAIL
R222	sf_bq407	1	0	ELAB_FAIL
R222	sf_bq407	1	0	ELAB_FAIL
R223	sf_bq410	1	0	ELAB_FAIL
R223	sf_bq410	1	0	ELAB_FAIL
R223	sf_bq410	1	0	ELAB_FAIL
R223	sf_bq410	1	0	TIMEOUT
R223	sf_bq410	1	0	TIMEOUT
R223	sf_bq410	1	0	TIMEOUT
R224	sf_bq411	1	0	ELAB_FAIL
R224	sf_bq411	1	0	ELAB_FAIL
R224	sf_bq411	1	0	ELAB_FAIL
R224	sf_bq411	1	0	ELAB_FAIL
R224	sf_bq411	1	0	PROOF_FAIL
R224	sf_bq411	1	0	TIMEOUT
R225	sf_bq413	1	0	ELAB_FAIL
R225	sf_bq413	1	0	ELAB_FAIL
R225	sf_bq413	1	0	ELAB_FAIL
R225	sf_bq413	1	0	ELAB_FAIL
R225	sf_bq413	1	0	ELAB_FAIL
R225	sf_bq413	1	0	ELAB_FAIL
R226	sf_bq414	1	0	ELAB_FAIL
R226	sf_bq414	1	0	ELAB_FAIL
R226	sf_bq414	1	0	ELAB_FAIL
R226	sf_bq414	1	0	ELAB_FAIL
R226	sf_bq414	1	0	ELAB_FAIL
R226	sf_bq414	1	0	ELAB_FAIL
R227	sf_bq415	1	0	ELAB_FAIL
R227	sf_bq415	1	0	ELAB_FAIL
R227	sf_bq415	1	0	ELAB_FAIL
R227	sf_bq415	1	0	ELAB_FAIL
R227	sf_bq415	1	0	ELAB_FAIL
R227	sf_bq415	1	0	ELAB_FAIL
R228	sf_bq418	1	0	ELAB_FAIL
R228	sf_bq418	1	0	ELAB_FAIL
R228	sf_bq418	1	0	ELAB_FAIL
R230	sf_bq420	1	0	ELAB_FAIL
R231	sf_bq423	1	0	ELAB_FAIL
R231	sf_bq423	1	0	ELAB_FAIL
R231	sf_bq423	1	0	ELAB_FAIL
R231	sf_bq423	1	0	ELAB_FAIL
R231	sf_bq423	1	0	ELAB_FAIL
R231	sf_bq423	1	0	ELAB_FAIL
R233	sf_bq426	1	0	ELAB_FAIL
R233	sf_bq426	1	0	ELAB_FAIL
R233	sf_bq426	1	0	ELAB_FAIL
R233	sf_bq426	1	0	ELAB_FAIL
R233	sf_bq426	1	0	ELAB_FAIL
R233	sf_bq426	1	0	ELAB_FAIL
R234	sf_bq427	1	0	ELAB_FAIL
R234	sf_bq427	1	0	ELAB_FAIL
R234	sf_bq427	1	0	ELAB_FAIL
R234	sf_bq427	1	0	ELAB_FAIL
R234	sf_bq427	1	0	ELAB_FAIL
R234	sf_bq427	1	0	ELAB_FAIL
R235	sf_bq428	1	0	ELAB_FAIL
R235	sf_bq428	1	0	ELAB_FAIL
R235	sf_bq428	1	0	ELAB_FAIL
R235	sf_bq428	1	0	ELAB_FAIL
R235	sf_bq428	1	0	ELAB_FAIL
R235	sf_bq428	1	0	ELAB_FAIL
R236	sf_bq432	1	0	PROOF_FAIL
R236	sf_bq432	1	0	PROOF_FAIL
R236	sf_bq432	1	0	PROOF_FAIL
R236	sf_bq432	1	0	PROOF_FAIL
R236	sf_bq432	1	0	PROOF_FAIL
R236	sf_bq432	1	1	PROVEN
R237	sf_bq441	1	0	ELAB_FAIL
R238	sf_bq442	1	0	ELAB_FAIL
R238	sf_bq442	1	0	ELAB_FAIL
R238	sf_bq442	1	0	ELAB_FAIL
R238	sf_bq442	1	0	ELAB_FAIL
R238	sf_bq442	1	0	ELAB_FAIL
R238	sf_bq442	1	0	ELAB_FAIL
R239	sf_bq445	1	0	ELAB_FAIL
R239	sf_bq445	1	0	ELAB_FAIL
R239	sf_bq445	1	0	ELAB_FAIL
R239	sf_bq445	1	0	ELAB_FAIL
R239	sf_bq445	1	0	ELAB_FAIL
R239	sf_bq445	1	0	ELAB_FAIL
R240	sf_bq451	1	0	ELAB_FAIL
R240	sf_bq451	1	0	ELAB_FAIL
R240	sf_bq451	1	0	ELAB_FAIL
R240	sf_bq451	1	0	ELAB_FAIL
R240	sf_bq451	1	0	ELAB_FAIL
R240	sf_bq451	1	0	ELAB_FAIL
R241	sf_bq452	1	0	ELAB_FAIL
R241	sf_bq452	1	0	ELAB_FAIL
R241	sf_bq452	1	0	ELAB_FAIL
R241	sf_bq452	1	0	ELAB_FAIL
R241	sf_bq452	1	0	ELAB_FAIL
R241	sf_bq452	1	0	ELAB_FAIL
R242	sf_bq453	1	0	ELAB_FAIL
R242	sf_bq453	1	0	ELAB_FAIL
R242	sf_bq453	1	0	ELAB_FAIL
R242	sf_bq453	1	0	ELAB_FAIL
R242	sf_bq453	1	0	ELAB_FAIL
R242	sf_bq453	1	0	ELAB_FAIL
R243	sf_bq454	1	0	ELAB_FAIL
R243	sf_bq454	1	0	ELAB_FAIL
R243	sf_bq454	1	0	ELAB_FAIL
R244	sf_bq456	1	0	ELAB_FAIL
R244	sf_bq456	1	0	ELAB_FAIL
R244	sf_bq456	1	0	ELAB_FAIL
R244	sf_bq456	1	0	TIMEOUT
R244	sf_bq456	1	0	TIMEOUT
R244	sf_bq456	1	0	TIMEOUT
R245	sf_bq457	1	0	ELAB_FAIL
R245	sf_bq457	1	0	ELAB_FAIL
R245	sf_bq457	1	0	ELAB_FAIL
R245	sf_bq457	1	0	ELAB_FAIL
R245	sf_bq457	1	0	ELAB_FAIL
R245	sf_bq457	1	0	ELAB_FAIL
R246	sf_bq460	1	0	ELAB_FAIL
R246	sf_bq460	1	0	ELAB_FAIL
R246	sf_bq460	1	0	ELAB_FAIL
R248	sf_bq462	1	0	ELAB_FAIL
R248	sf_bq462	1	0	ELAB_FAIL
R248	sf_bq462	1	0	ELAB_FAIL
R249	sf_ga003	1	0	ELAB_FAIL
R249	sf_ga003	1	0	ELAB_FAIL
R249	sf_ga003	1	0	ELAB_FAIL
R249	sf_ga003	1	0	ELAB_FAIL
R249	sf_ga003	1	0	ELAB_FAIL
R249	sf_ga003	1	0	ELAB_FAIL
R250	sf_ga004	1	0	ELAB_FAIL
R250	sf_ga004	1	0	ELAB_FAIL
R250	sf_ga004	1	0	ELAB_FAIL
R250	sf_ga004	1	0	ELAB_FAIL
R250	sf_ga004	1	0	ELAB_FAIL
R250	sf_ga004	1	0	ELAB_FAIL
R251	sf_ga006	1	0	ELAB_FAIL
R251	sf_ga006	1	0	ELAB_FAIL
R251	sf_ga006	1	0	ELAB_FAIL
R251	sf_ga006	1	0	ELAB_FAIL
R251	sf_ga006	1	0	ELAB_FAIL
R251	sf_ga006	1	0	ELAB_FAIL
R252	sf_ga007	1	0	ELAB_FAIL
R252	sf_ga007	1	0	ELAB_FAIL
R252	sf_ga007	1	0	ELAB_FAIL
R252	sf_ga007	1	0	ELAB_FAIL
R252	sf_ga007	1	0	ELAB_FAIL
R252	sf_ga007	1	0	ELAB_FAIL
R253	sf_ga008	1	0	ELAB_FAIL
R253	sf_ga008	1	0	ELAB_FAIL
R253	sf_ga008	1	0	ELAB_FAIL
R253	sf_ga008	1	0	ELAB_FAIL
R253	sf_ga008	1	0	ELAB_FAIL
R253	sf_ga008	1	0	ELAB_FAIL
R254	sf_ga009	1	0	ELAB_FAIL
R254	sf_ga009	1	0	ELAB_FAIL
R254	sf_ga009	1	0	ELAB_FAIL
R256	sf_ga011	1	0	ELAB_FAIL
R256	sf_ga011	1	0	ELAB_FAIL
R256	sf_ga011	1	0	ELAB_FAIL
R256	sf_ga011	1	0	ELAB_FAIL
R256	sf_ga011	1	0	ELAB_FAIL
R256	sf_ga011	1	0	ELAB_FAIL
R257	sf_ga012	1	0	ELAB_FAIL
R257	sf_ga012	1	0	ELAB_FAIL
R257	sf_ga012	1	0	ELAB_FAIL
R257	sf_ga012	1	0	ELAB_FAIL
R257	sf_ga012	1	0	ELAB_FAIL
R257	sf_ga012	1	0	ELAB_FAIL
R258	sf_ga013	1	0	ELAB_FAIL
R258	sf_ga013	1	0	ELAB_FAIL
R258	sf_ga013	1	0	ELAB_FAIL
R258	sf_ga013	1	0	ELAB_FAIL
R258	sf_ga013	1	0	ELAB_FAIL
R258	sf_ga013	1	0	ELAB_FAIL
R259	sf_ga017	1	0	ELAB_FAIL
R259	sf_ga017	1	0	ELAB_FAIL
R259	sf_ga017	1	0	ELAB_FAIL
R259	sf_ga017	1	0	ELAB_FAIL
R259	sf_ga017	1	0	ELAB_FAIL
R259	sf_ga017	1	0	ELAB_FAIL
R260	sf_ga019	1	0	ELAB_FAIL
R260	sf_ga019	1	0	ELAB_FAIL
R260	sf_ga019	1	0	ELAB_FAIL
R261	sf_ga022	1	0	ELAB_FAIL
R262	sf_ga025	1	0	ELAB_FAIL
R262	sf_ga025	1	0	ELAB_FAIL
R262	sf_ga025	1	0	ELAB_FAIL
R263	sf_ga028	1	0	ELAB_FAIL
R263	sf_ga028	1	0	ELAB_FAIL
R263	sf_ga028	1	0	ELAB_FAIL
R264	sf_ga030	1	0	ELAB_FAIL
R264	sf_ga030	1	0	ELAB_FAIL
R264	sf_ga030	1	0	ELAB_FAIL
R264	sf_ga030	1	0	ELAB_FAIL
R264	sf_ga030	1	0	ELAB_FAIL
R264	sf_ga030	1	0	ELAB_FAIL
R265	sf_ga031	1	0	ELAB_FAIL
R265	sf_ga031	1	0	ELAB_FAIL
R265	sf_ga031	1	0	ELAB_FAIL
R267	sf_local002	1	0	ELAB_FAIL
R267	sf_local002	1	0	ELAB_FAIL
R267	sf_local002	1	0	ELAB_FAIL
R268	sf_local007	1	0	ELAB_FAIL
R268	sf_local007	1	0	ELAB_FAIL
R268	sf_local007	1	0	TIMEOUT
R269	sf_local008	1	0	ELAB_FAIL
R269	sf_local008	1	0	ELAB_FAIL
R269	sf_local008	1	0	ELAB_FAIL
R269	sf_local008	1	0	ELAB_FAIL
R269	sf_local008	1	0	ELAB_FAIL
R269	sf_local008	1	0	ELAB_FAIL
R271	sf_local018	1	0	ELAB_FAIL
R271	sf_local018	1	0	ELAB_FAIL
R271	sf_local018	1	0	ELAB_FAIL
R271	sf_local018	1	0	ELAB_FAIL
R271	sf_local018	1	0	ELAB_FAIL
R271	sf_local018	1	0	ELAB_FAIL
R272	sf_local020	1	0	ELAB_FAIL
R272	sf_local020	1	0	ELAB_FAIL
R272	sf_local020	1	0	ELAB_FAIL
R272	sf_local020	1	0	ELAB_FAIL
R272	sf_local020	1	0	ELAB_FAIL
R272	sf_local020	1	0	ELAB_FAIL
R273	sf_local021	1	0	ELAB_FAIL
R273	sf_local021	1	0	ELAB_FAIL
R273	sf_local021	1	0	ELAB_FAIL
R274	sf_local023	1	0	ELAB_FAIL
R274	sf_local023	1	0	ELAB_FAIL
R274	sf_local023	1	0	ELAB_FAIL
R274	sf_local023	1	0	ELAB_FAIL
R274	sf_local023	1	0	ELAB_FAIL
R274	sf_local023	1	0	ELAB_FAIL
R275	sf_local024	1	0	ELAB_FAIL
R275	sf_local024	1	0	ELAB_FAIL
R275	sf_local024	1	0	ELAB_FAIL
R277	sf_local029	1	0	ELAB_FAIL
R277	sf_local029	1	0	ELAB_FAIL
R277	sf_local029	1	0	ELAB_FAIL
R278	sf_local031	1	0	ELAB_FAIL
R278	sf_local031	1	0	ELAB_FAIL
R278	sf_local031	1	0	ELAB_FAIL
R278	sf_local031	1	0	ELAB_FAIL
R278	sf_local031	1	0	ELAB_FAIL
R278	sf_local031	1	0	ELAB_FAIL
R279	sf_local032	1	0	ELAB_FAIL
R279	sf_local032	1	0	ELAB_FAIL
R279	sf_local032	1	0	ELAB_FAIL
R280	sf_local034	1	0	ELAB_FAIL
R280	sf_local034	1	0	ELAB_FAIL
R280	sf_local034	1	0	ELAB_FAIL
R280	sf_local034	1	0	ELAB_FAIL
R280	sf_local034	1	0	ELAB_FAIL
R280	sf_local034	1	0	ELAB_FAIL
R282	sf_local040	1	0	ELAB_FAIL
R282	sf_local040	1	0	ELAB_FAIL
R282	sf_local040	1	0	ELAB_FAIL
R282	sf_local040	1	0	ELAB_FAIL
R282	sf_local040	1	0	ELAB_FAIL
R282	sf_local040	1	0	TIMEOUT
R283	sf_local041	1	0	ELAB_FAIL
R283	sf_local041	1	0	ELAB_FAIL
R283	sf_local041	1	0	ELAB_FAIL
R283	sf_local041	1	0	ELAB_FAIL
R283	sf_local041	1	1	ELAB_FAIL
R283	sf_local041	1	1	ELAB_FAIL
R284	sf_local049	1	0	ELAB_FAIL
R284	sf_local049	1	0	ELAB_FAIL
R284	sf_local049	1	0	ELAB_FAIL
R284	sf_local049	1	0	ELAB_FAIL
R284	sf_local049	1	0	ELAB_FAIL
R284	sf_local049	1	0	ELAB_FAIL
R285	sf_local050	1	0	ELAB_FAIL
R286	sf_local054	1	0	ELAB_FAIL
R286	sf_local054	1	0	ELAB_FAIL
R286	sf_local054	1	0	ELAB_FAIL
R286	sf_local054	1	0	TIMEOUT
R286	sf_local054	1	0	TIMEOUT
R286	sf_local054	1	0	TIMEOUT
R287	sf_local055	1	0	ELAB_FAIL
R287	sf_local055	1	0	ELAB_FAIL
R287	sf_local055	1	0	ELAB_FAIL
R287	sf_local055	1	0	ELAB_FAIL
R287	sf_local055	1	0	ELAB_FAIL
R287	sf_local055	1	0	ELAB_FAIL
R288	sf_local058	1	0	ELAB_FAIL
R288	sf_local058	1	0	ELAB_FAIL
R288	sf_local058	1	0	ELAB_FAIL
R288	sf_local058	1	0	ELAB_FAIL
R288	sf_local058	1	0	ELAB_FAIL
R288	sf_local058	1	0	ELAB_FAIL
R291	sf_local061	1	0	ELAB_FAIL
R291	sf_local061	1	0	ELAB_FAIL
R291	sf_local061	1	0	ELAB_FAIL
R291	sf_local061	1	0	ELAB_FAIL
R291	sf_local061	1	0	ELAB_FAIL
R291	sf_local061	1	0	ELAB_FAIL
R293	sf_local065	1	0	ELAB_FAIL
R293	sf_local065	1	0	ELAB_FAIL
R293	sf_local065	1	0	ELAB_FAIL
R293	sf_local065	1	0	TIMEOUT
R293	sf_local065	1	0	TIMEOUT
R293	sf_local065	1	0	TIMEOUT
R303	sf_local081	1	0	ELAB_FAIL
R303	sf_local081	1	0	ELAB_FAIL
R303	sf_local081	1	0	ELAB_FAIL
R303	sf_local081	1	0	ELAB_FAIL
R303	sf_local081	1	0	ELAB_FAIL
R303	sf_local081	1	0	ELAB_FAIL
R304	sf_local085	1	0	ELAB_FAIL
R304	sf_local085	1	0	ELAB_FAIL
R304	sf_local085	1	0	ELAB_FAIL
R304	sf_local085	1	0	ELAB_FAIL
R304	sf_local085	1	0	ELAB_FAIL
R304	sf_local085	1	0	ELAB_FAIL
R305	sf_local096	1	0	ELAB_FAIL
R305	sf_local096	1	0	ELAB_FAIL
R305	sf_local096	1	0	ELAB_FAIL
R305	sf_local096	1	0	ELAB_FAIL
R305	sf_local096	1	0	ELAB_FAIL
R305	sf_local096	1	0	ELAB_FAIL
R307	sf_local099	1	0	ELAB_FAIL
R307	sf_local099	1	0	ELAB_FAIL
R307	sf_local099	1	0	ELAB_FAIL
R307	sf_local099	1	0	ELAB_FAIL
R307	sf_local099	1	0	ELAB_FAIL
R307	sf_local099	1	1	PROOF_FAIL
R308	sf_local100	1	0	ELAB_FAIL
R308	sf_local100	1	0	ELAB_FAIL
R308	sf_local100	1	0	ELAB_FAIL
R308	sf_local100	1	0	ELAB_FAIL
R308	sf_local100	1	0	ELAB_FAIL
R308	sf_local100	1	0	ELAB_FAIL
R309	sf_local114	1	0	ELAB_FAIL
R309	sf_local114	1	0	ELAB_FAIL
R309	sf_local114	1	0	ELAB_FAIL
R309	sf_local114	1	0	ELAB_FAIL
R309	sf_local114	1	0	ELAB_FAIL
R309	sf_local114	1	0	ELAB_FAIL
R310	sf_local131	1	1	ELAB_FAIL
R311	sf_local132	1	0	ELAB_FAIL
R311	sf_local132	1	0	ELAB_FAIL
R311	sf_local132	1	0	ELAB_FAIL
R311	sf_local132	1	0	ELAB_FAIL
R311	sf_local132	1	0	ELAB_FAIL
R311	sf_local132	1	0	ELAB_FAIL
R312	sf_local133	1	0	ELAB_FAIL
R312	sf_local133	1	0	ELAB_FAIL
R312	sf_local133	1	0	ELAB_FAIL
R312	sf_local133	1	0	ELAB_FAIL
R312	sf_local133	1	0	ELAB_FAIL
R312	sf_local133	1	0	ELAB_FAIL
R313	sf_local141	1	0	ELAB_FAIL
R317	sf_local168	1	0	ELAB_FAIL
R317	sf_local168	1	0	ELAB_FAIL
R317	sf_local168	1	0	ELAB_FAIL
R317	sf_local168	1	0	ELAB_FAIL
R317	sf_local168	1	0	ELAB_FAIL
R317	sf_local168	1	0	ELAB_FAIL
R319	sf_local170	1	0	ELAB_FAIL
R319	sf_local170	1	0	ELAB_FAIL
R319	sf_local170	1	0	ELAB_FAIL
R319	sf_local170	1	0	ELAB_FAIL
R319	sf_local170	1	0	ELAB_FAIL
R319	sf_local170	1	0	ELAB_FAIL
R321	sf_local196	1	0	ELAB_FAIL
R321	sf_local196	1	0	ELAB_FAIL
R321	sf_local196	1	0	ELAB_FAIL
R323	sf_local198	1	0	ELAB_FAIL
R323	sf_local198	1	0	ELAB_FAIL
R323	sf_local198	1	0	ELAB_FAIL
R323	sf_local198	1	0	ELAB_FAIL
R323	sf_local198	1	0	ELAB_FAIL
R323	sf_local198	1	0	ELAB_FAIL
R324	sf_local201	1	0	ELAB_FAIL
R324	sf_local201	1	0	ELAB_FAIL
R324	sf_local201	1	0	ELAB_FAIL
R324	sf_local201	1	0	ELAB_FAIL
R324	sf_local201	1	0	ELAB_FAIL
R324	sf_local201	1	0	ELAB_FAIL
R325	sf_local202	1	0	ELAB_FAIL
R325	sf_local202	1	0	ELAB_FAIL
R325	sf_local202	1	0	ELAB_FAIL
R325	sf_local202	1	0	ELAB_FAIL
R325	sf_local202	1	0	ELAB_FAIL
R325	sf_local202	1	0	ELAB_FAIL
R326	sf_local212	1	0	ELAB_FAIL
R326	sf_local212	1	0	ELAB_FAIL
R326	sf_local212	1	0	ELAB_FAIL
R326	sf_local212	1	0	ELAB_FAIL
R326	sf_local212	1	0	ELAB_FAIL
R326	sf_local212	1	0	ELAB_FAIL
R328	sf_local220	1	0	ELAB_FAIL
R328	sf_local220	1	0	ELAB_FAIL
R328	sf_local220	1	0	ELAB_FAIL
R328	sf_local220	1	0	ELAB_FAIL
R328	sf_local220	1	0	ELAB_FAIL
R328	sf_local220	1	0	ELAB_FAIL
R329	sf_local221	1	0	ELAB_FAIL
R329	sf_local221	1	0	ELAB_FAIL
R329	sf_local221	1	0	ELAB_FAIL
R329	sf_local221	1	1	ELAB_FAIL
R329	sf_local221	1	1	ELAB_FAIL
R329	sf_local221	1	1	PROOF_FAIL
R331	sf_local229	1	0	ELAB_FAIL
R331	sf_local229	1	0	ELAB_FAIL
R331	sf_local229	1	0	ELAB_FAIL
R331	sf_local229	1	0	ELAB_FAIL
R331	sf_local229	1	0	ELAB_FAIL
R331	sf_local229	1	0	ELAB_FAIL
R332	sf_local230	1	0	ELAB_FAIL
R332	sf_local230	1	0	ELAB_FAIL
R332	sf_local230	1	0	ELAB_FAIL
R332	sf_local230	1	0	ELAB_FAIL
R332	sf_local230	1	0	ELAB_FAIL
R332	sf_local230	1	0	ELAB_FAIL
R336	sf_local262	1	0	ELAB_FAIL
R336	sf_local262	1	0	ELAB_FAIL
R336	sf_local262	1	0	ELAB_FAIL
R336	sf_local262	1	0	ELAB_FAIL
R336	sf_local262	1	0	ELAB_FAIL
R336	sf_local262	1	0	ELAB_FAIL
R339	sf_local274	1	0	ELAB_FAIL
R341	sf_local284	1	0	ELAB_FAIL
R341	sf_local284	1	0	ELAB_FAIL
R341	sf_local284	1	0	ELAB_FAIL
R341	sf_local284	1	0	ELAB_FAIL
R341	sf_local284	1	0	ELAB_FAIL
R341	sf_local284	1	0	ELAB_FAIL
R344	sf_local301	1	0	ELAB_FAIL
R344	sf_local301	1	0	ELAB_FAIL
R344	sf_local301	1	0	ELAB_FAIL
R344	sf_local301	1	0	ELAB_FAIL
R344	sf_local301	1	0	ELAB_FAIL
R344	sf_local301	1	0	ELAB_FAIL
R345	sf_local302	1	0	ELAB_FAIL
R345	sf_local302	1	0	ELAB_FAIL
R345	sf_local302	1	0	ELAB_FAIL
R345	sf_local302	1	0	ELAB_FAIL
R345	sf_local302	1	0	ELAB_FAIL
R345	sf_local302	1	0	TIMEOUT
R346	sf_local310	1	0	ELAB_FAIL
R346	sf_local310	1	0	ELAB_FAIL
R346	sf_local310	1	0	ELAB_FAIL
R346	sf_local310	1	0	ELAB_FAIL
R346	sf_local310	1	0	ELAB_FAIL
R346	sf_local310	1	0	ELAB_FAIL
R349	sf_local356	1	0	ELAB_FAIL
R349	sf_local356	1	0	ELAB_FAIL
R349	sf_local356	1	0	ELAB_FAIL
R350	sf_local358	1	0	ELAB_FAIL
R350	sf_local358	1	0	ELAB_FAIL
R350	sf_local358	1	0	ELAB_FAIL
